origin,destination,depart_date,depart_time,depart_arrival,depart_duration,return_date,return_time,return_arrival,return_duration,fare,pic,map
FMM,OMR,2018-05-12,18:35,21:15,01:40,2018-05-15,21:35,22:15,01:40,26,/assets/img/oradea.jpg,"https://www.google.de/maps/place/Oradea+International+Airport/@47.025664,21.90269,15z/data=!4m2!3m1!1s0x0:0x44f9c70c356da573?sa=X&ved=0ahUKEwjNn9foxdfaAhXHxqQKHcVhAKQQ_BIIrAEwCg"
FMM,OMR,2018-05-05,18:35,21:15,01:40,2018-05-08,21:35,22:15,01:40,44,/assets/img/oradea.jpg,"https://www.google.de/maps/place/Oradea+International+Airport/@47.025664,21.90269,15z/data=!4m2!3m1!1s0x0:0x44f9c70c356da573?sa=X&ved=0ahUKEwjNn9foxdfaAhXHxqQKHcVhAKQQ_BIIrAEwCg"
MUC,DUB,2018-05-12,21:10,22:40,02:30,2018-05-15,17:10,20:35,02:25,48,/assets/img/dub.jpg,"https://www.google.de/maps/place/Dublin+Airport/@53.4264481,-6.2499098,15z/data=!4m2!3m1!1s0x0:0x55121bb5b725f355?sa=X&ved=0ahUKEwjlx8b98NXaAhUHFSwKHbXVBPgQ_BIIkQIwGA"
MUC,DUB,2018-05-05,21:10,22:40,02:30,2018-05-08,17:10,20:35,02:25,52,/assets/img/dub.jpg,"https://www.google.de/maps/place/Dublin+Airport/@53.4264481,-6.2499098,15z/data=!4m2!3m1!1s0x0:0x55121bb5b725f355?sa=X&ved=0ahUKEwjlx8b98NXaAhUHFSwKHbXVBPgQ_BIIkQIwGA"
MUC,DUB,2018-05-04,21:10,22:40,02:30,2018-05-07,16:55,20:20,02:25,58,/assets/img/dub.jpg,"https://www.google.de/maps/place/Dublin+Airport/@53.4264481,-6.2499098,15z/data=!4m2!3m1!1s0x0:0x55121bb5b725f355?sa=X&ved=0ahUKEwjlx8b98NXaAhUHFSwKHbXVBPgQ_BIIkQIwGA"
MUC,DUB,2018-05-04,21:10,22:40,02:30,2018-05-07,16:55,20:20,02:25,58,/assets/img/dub.jpg,"https://www.google.de/maps/place/Dublin+Airport/@53.4264481,-6.2499098,15z/data=!4m2!3m1!1s0x0:0x55121bb5b725f355?sa=X&ved=0ahUKEwjlx8b98NXaAhUHFSwKHbXVBPgQ_BIIkQIwGA"
FMM,ATH,2018-05-12,18:10,21:45,02:35,2018-05-15,16:10,17:45,02:35,63,/assets/img/athens.jpg,"https://www.google.de/maps/place/Athens+International+Airport/@37.9356467,23.9484156,15z/data=!4m2!3m1!1s0x0:0x38b215df0aeeb3aa?sa=X&ved=0ahUKEwigvd6UrdbaAhXMyaYKHcW6CwgQ_BIIwAEwCg"
FMM,FAO,2018-05-05,18:55,21:00,03:05,2018-05-08,14:30,18:30,03:00,65,/assets/img/faro.jpg,"https://www.google.de/maps/place/Faro+Airport/@37.0175956,-7.96972,15z/data=!4m2!3m1!1s0x0:0x2144551e63673b47?sa=X&ved=0ahUKEwim9pnn3NfaAhWphqYKHebCAOEQ_BIItwEwCg"
FMM,NYO,2018-05-05,06:30,08:40,02:10,2018-05-08,14:25,16:35,02:10,70,/assets/img/stockholm.jpg,"https://www.google.de/maps/place/Stockholm+Skavsta+Airport/@58.7890201,16.9153649,15z/data=!4m2!3m1!1s0x0:0x6e00ef3da8e5f24a?sa=X&ved=0ahUKEwi9nITA4NfaAhWBjiwKHcHpBPIQ_BII6gEwEQ"
MUC,DUB,2018-06-08,21:10,22:40,02:30,2018-06-11,16:55,20:20,02:25,75,/assets/img/dub.jpg,"https://www.google.de/maps/place/Dublin+Airport/@53.4264481,-6.2499098,15z/data=!4m2!3m1!1s0x0:0x55121bb5b725f355?sa=X&ved=0ahUKEwjlx8b98NXaAhUHFSwKHbXVBPgQ_BIIkQIwGA"
MUC,DUB,2018-05-11,21:10,22:40,02:30,2018-05-14,16:55,20:20,02:25,80,/assets/img/dub.jpg,"https://www.google.de/maps/place/Dublin+Airport/@53.4264481,-6.2499098,15z/data=!4m2!3m1!1s0x0:0x55121bb5b725f355?sa=X&ved=0ahUKEwjlx8b98NXaAhUHFSwKHbXVBPgQ_BIIkQIwGA"
MUC,DUB,2018-05-11,21:10,22:40,02:30,2018-05-14,16:55,20:20,02:25,80,/assets/img/dub.jpg,"https://www.google.de/maps/place/Dublin+Airport/@53.4264481,-6.2499098,15z/data=!4m2!3m1!1s0x0:0x55121bb5b725f355?sa=X&ved=0ahUKEwjlx8b98NXaAhUHFSwKHbXVBPgQ_BIIkQIwGA"
FMM,DUB,2018-06-15,19:05,20:30,02:25,2018-06-18,13:10,16:30,02:20,94,/assets/img/dub.jpg,"https://www.google.de/maps/place/Dublin+Airport/@53.4264481,-6.2499098,15z/data=!4m2!3m1!1s0x0:0x55121bb5b725f355?sa=X&ved=0ahUKEwjZ5au-xdfaAhWmDpoKHfIoCAsQ_BIImAIwGA"
MUC,DUB,2018-06-22,21:10,22:40,02:30,2018-06-25,16:55,20:20,02:25,94,/assets/img/dub.jpg,"https://www.google.de/maps/place/Dublin+Airport/@53.4264481,-6.2499098,15z/data=!4m2!3m1!1s0x0:0x55121bb5b725f355?sa=X&ved=0ahUKEwjlx8b98NXaAhUHFSwKHbXVBPgQ_BIIkQIwGA"
FMM,AGP,2018-06-22,20:50,23:45,02:55,2018-06-25,17:25,20:10,02:45,95,/assets/img/malaga.jpg,"https://www.google.de/maps/place/Malaga+airport+-+Costa+del+Sol/@36.6794172,-4.4950028,15z/data=!4m2!3m1!1s0x0:0x57b5ad2f47de3e9a?sa=X&ved=0ahUKEwien_bExdfaAhVlM5oKHa2FB94Q_BII-gEwEw"
FMM,DUB,2018-07-13,19:05,20:30,02:25,2018-07-16,13:10,16:30,02:20,95,/assets/img/dub.jpg,"https://www.google.de/maps/place/Dublin+Airport/@53.4264481,-6.2499098,15z/data=!4m2!3m1!1s0x0:0x55121bb5b725f355?sa=X&ved=0ahUKEwjZ5au-xdfaAhWmDpoKHfIoCAsQ_BIImAIwGA"
FMM,OPO,2018-05-05,21:00,22:45,02:45,2018-05-08,16:55,20:35,02:40,98,/assets/img/opo.jpg,"https://www.google.de/maps/place/Francisco+S%C3%A1+Carneiro+Airport/@41.2421186,-8.6785514,15z/data=!4m2!3m1!1s0x0:0x151a578a6d6039d1?sa=X&ved=0ahUKEwjT_8SK4NfaAhXDjqQKHeqZCUsQ_BIIzAEwCg"
FMM,DUB,2018-07-20,19:05,20:30,02:25,2018-07-23,13:10,16:30,02:20,102,/assets/img/dub.jpg,"https://www.google.de/maps/place/Dublin+Airport/@53.4264481,-6.2499098,15z/data=!4m2!3m1!1s0x0:0x55121bb5b725f355?sa=X&ved=0ahUKEwjZ5au-xdfaAhWmDpoKHfIoCAsQ_BIImAIwGA"
FMM,AGP,2018-06-08,20:50,23:45,02:55,2018-06-11,17:25,20:10,02:45,104,/assets/img/malaga.jpg,"https://www.google.de/maps/place/Malaga+airport+-+Costa+del+Sol/@36.6794172,-4.4950028,15z/data=!4m2!3m1!1s0x0:0x57b5ad2f47de3e9a?sa=X&ved=0ahUKEwien_bExdfaAhVlM5oKHa2FB94Q_BII-gEwEw"
FMM,AGP,2018-05-04,20:50,23:45,02:55,2018-05-07,17:25,20:10,02:45,108,/assets/img/malaga.jpg,"https://www.google.de/maps/place/Malaga+airport+-+Costa+del+Sol/@36.6794172,-4.4950028,15z/data=!4m2!3m1!1s0x0:0x57b5ad2f47de3e9a?sa=X&ved=0ahUKEwien_bExdfaAhVlM5oKHa2FB94Q_BII-gEwEw"
FMM,AGP,2018-05-04,20:50,23:45,02:55,2018-05-07,17:25,20:10,02:45,108,/assets/img/malaga.jpg,"https://www.google.de/maps/place/Malaga+airport+-+Costa+del+Sol/@36.6794172,-4.4950028,15z/data=!4m2!3m1!1s0x0:0x57b5ad2f47de3e9a?sa=X&ved=0ahUKEwien_bExdfaAhVlM5oKHa2FB94Q_BII-gEwEw"
MUC,DUB,2018-06-29,21:10,22:40,02:30,2018-07-02,16:55,20:20,02:25,112,/assets/img/dub.jpg,"https://www.google.de/maps/place/Dublin+Airport/@53.4264481,-6.2499098,15z/data=!4m2!3m1!1s0x0:0x55121bb5b725f355?sa=X&ved=0ahUKEwjlx8b98NXaAhUHFSwKHbXVBPgQ_BIIkQIwGA"
FMM,DUB,2018-06-29,19:05,20:30,02:25,2018-07-02,13:10,16:30,02:20,112,/assets/img/dub.jpg,"https://www.google.de/maps/place/Dublin+Airport/@53.4264481,-6.2499098,15z/data=!4m2!3m1!1s0x0:0x55121bb5b725f355?sa=X&ved=0ahUKEwjZ5au-xdfaAhWmDpoKHfIoCAsQ_BIImAIwGA"
MUC,DUB,2018-07-13,21:10,22:40,02:30,2018-07-16,16:55,20:20,02:25,112,/assets/img/dub.jpg,"https://www.google.de/maps/place/Dublin+Airport/@53.4264481,-6.2499098,15z/data=!4m2!3m1!1s0x0:0x55121bb5b725f355?sa=X&ved=0ahUKEwjlx8b98NXaAhUHFSwKHbXVBPgQ_BIIkQIwGA"
FMM,AGP,2018-07-13,20:50,23:45,02:55,2018-07-16,17:25,20:10,02:45,112,/assets/img/malaga.jpg,"https://www.google.de/maps/place/Malaga+airport+-+Costa+del+Sol/@36.6794172,-4.4950028,15z/data=!4m2!3m1!1s0x0:0x57b5ad2f47de3e9a?sa=X&ved=0ahUKEwien_bExdfaAhVlM5oKHa2FB94Q_BII-gEwEw"
FMM,DUB,2018-06-08,19:05,20:30,02:25,2018-06-11,13:10,16:30,02:20,121,/assets/img/dub.jpg,"https://www.google.de/maps/place/Dublin+Airport/@53.4264481,-6.2499098,15z/data=!4m2!3m1!1s0x0:0x55121bb5b725f355?sa=X&ved=0ahUKEwjZ5au-xdfaAhWmDpoKHfIoCAsQ_BIImAIwGA"
MUC,DUB,2018-06-15,21:10,22:40,02:30,2018-06-18,16:55,20:20,02:25,122,/assets/img/dub.jpg,"https://www.google.de/maps/place/Dublin+Airport/@53.4264481,-6.2499098,15z/data=!4m2!3m1!1s0x0:0x55121bb5b725f355?sa=X&ved=0ahUKEwjlx8b98NXaAhUHFSwKHbXVBPgQ_BIIkQIwGA"
MUC,DUB,2018-07-27,21:10,22:40,02:30,2018-07-30,16:55,20:20,02:25,122,/assets/img/dub.jpg,"https://www.google.de/maps/place/Dublin+Airport/@53.4264481,-6.2499098,15z/data=!4m2!3m1!1s0x0:0x55121bb5b725f355?sa=X&ved=0ahUKEwjlx8b98NXaAhUHFSwKHbXVBPgQ_BIIkQIwGA"
FMM,AGP,2018-06-29,20:50,23:45,02:55,2018-07-02,17:25,20:10,02:45,132,/assets/img/malaga.jpg,"https://www.google.de/maps/place/Malaga+airport+-+Costa+del+Sol/@36.6794172,-4.4950028,15z/data=!4m2!3m1!1s0x0:0x57b5ad2f47de3e9a?sa=X&ved=0ahUKEwien_bExdfaAhVlM5oKHa2FB94Q_BII-gEwEw"
FMM,AGP,2018-06-15,20:50,23:45,02:55,2018-06-18,17:25,20:10,02:45,134,/assets/img/malaga.jpg,"https://www.google.de/maps/place/Malaga+airport+-+Costa+del+Sol/@36.6794172,-4.4950028,15z/data=!4m2!3m1!1s0x0:0x57b5ad2f47de3e9a?sa=X&ved=0ahUKEwien_bExdfaAhVlM5oKHa2FB94Q_BII-gEwEw"
MUC,DUB,2018-07-06,21:10,22:40,02:30,2018-07-09,16:55,20:20,02:25,134,/assets/img/dub.jpg,"https://www.google.de/maps/place/Dublin+Airport/@53.4264481,-6.2499098,15z/data=!4m2!3m1!1s0x0:0x55121bb5b725f355?sa=X&ved=0ahUKEwjlx8b98NXaAhUHFSwKHbXVBPgQ_BIIkQIwGA"
FMM,AGP,2018-07-06,20:50,23:45,02:55,2018-07-09,17:25,20:10,02:45,134,/assets/img/malaga.jpg,"https://www.google.de/maps/place/Malaga+airport+-+Costa+del+Sol/@36.6794172,-4.4950028,15z/data=!4m2!3m1!1s0x0:0x57b5ad2f47de3e9a?sa=X&ved=0ahUKEwien_bExdfaAhVlM5oKHa2FB94Q_BII-gEwEw"
FMM,DUB,2018-07-06,19:05,20:30,02:25,2018-07-09,13:10,16:30,02:20,134,/assets/img/dub.jpg,"https://www.google.de/maps/place/Dublin+Airport/@53.4264481,-6.2499098,15z/data=!4m2!3m1!1s0x0:0x55121bb5b725f355?sa=X&ved=0ahUKEwjZ5au-xdfaAhWmDpoKHfIoCAsQ_BIImAIwGA"
MUC,DUB,2018-07-20,21:10,22:40,02:30,2018-07-23,16:55,20:20,02:25,134,/assets/img/dub.jpg,"https://www.google.de/maps/place/Dublin+Airport/@53.4264481,-6.2499098,15z/data=!4m2!3m1!1s0x0:0x55121bb5b725f355?sa=X&ved=0ahUKEwjlx8b98NXaAhUHFSwKHbXVBPgQ_BIIkQIwGA"
FMM,DUB,2018-06-22,19:05,20:30,02:25,2018-06-25,13:10,16:30,02:20,139,/assets/img/dub.jpg,"https://www.google.de/maps/place/Dublin+Airport/@53.4264481,-6.2499098,15z/data=!4m2!3m1!1s0x0:0x55121bb5b725f355?sa=X&ved=0ahUKEwjZ5au-xdfaAhWmDpoKHfIoCAsQ_BIImAIwGA"
FMM,PMI,2018-05-05,12:10,14:05,01:55,2018-05-08,18:35,20:40,02:05,139,/assets/img/mallorca.jpg,"https://www.google.de/maps/place/Palma+de+Mallorca+Airport/@39.5517407,2.7361649,15z/data=!4m2!3m1!1s0x0:0x7031da6569b7f956?sa=X&ved=0ahUKEwiwl83O3dfaAhVOyKQKHXI3CDMQ_BIIzQEwCg"
MUC,DUB,2018-06-01,21:10,22:40,02:30,2018-06-04,16:55,20:20,02:25,141,/assets/img/dub.jpg,"https://www.google.de/maps/place/Dublin+Airport/@53.4264481,-6.2499098,15z/data=!4m2!3m1!1s0x0:0x55121bb5b725f355?sa=X&ved=0ahUKEwjlx8b98NXaAhUHFSwKHbXVBPgQ_BIIkQIwGA"
FMM,DUB,2018-07-27,19:05,20:30,02:25,2018-07-30,13:10,16:30,02:20,144,/assets/img/dub.jpg,"https://www.google.de/maps/place/Dublin+Airport/@53.4264481,-6.2499098,15z/data=!4m2!3m1!1s0x0:0x55121bb5b725f355?sa=X&ved=0ahUKEwjZ5au-xdfaAhWmDpoKHfIoCAsQ_BIImAIwGA"
MUC,DUB,2018-05-25,21:10,22:40,02:30,2018-05-28,16:55,20:20,02:25,146,/assets/img/dub.jpg,"https://www.google.de/maps/place/Dublin+Airport/@53.4264481,-6.2499098,15z/data=!4m2!3m1!1s0x0:0x55121bb5b725f355?sa=X&ved=0ahUKEwjlx8b98NXaAhUHFSwKHbXVBPgQ_BIIkQIwGA"
MUC,DUB,2018-05-25,21:10,22:40,02:30,2018-05-28,16:55,20:20,02:25,146,/assets/img/dub.jpg,"https://www.google.de/maps/place/Dublin+Airport/@53.4264481,-6.2499098,15z/data=!4m2!3m1!1s0x0:0x55121bb5b725f355?sa=X&ved=0ahUKEwjlx8b98NXaAhUHFSwKHbXVBPgQ_BIIkQIwGA"
FMM,AGP,2018-07-27,20:50,23:45,02:55,2018-07-30,17:25,20:10,02:45,149,/assets/img/malaga.jpg,"https://www.google.de/maps/place/Malaga+airport+-+Costa+del+Sol/@36.6794172,-4.4950028,15z/data=!4m2!3m1!1s0x0:0x57b5ad2f47de3e9a?sa=X&ved=0ahUKEwien_bExdfaAhVlM5oKHa2FB94Q_BII-gEwEw"
FMM,AGP,2018-05-25,20:50,23:45,02:55,2018-05-28,17:25,20:10,02:45,156,/assets/img/malaga.jpg,"https://www.google.de/maps/place/Malaga+airport+-+Costa+del+Sol/@36.6794172,-4.4950028,15z/data=!4m2!3m1!1s0x0:0x57b5ad2f47de3e9a?sa=X&ved=0ahUKEwien_bExdfaAhVlM5oKHa2FB94Q_BII-gEwEw"
FMM,DUB,2018-05-25,19:05,20:30,02:25,2018-05-28,13:10,16:30,02:20,159,/assets/img/dub.jpg,"https://www.google.de/maps/place/Dublin+Airport/@53.4264481,-6.2499098,15z/data=!4m2!3m1!1s0x0:0x55121bb5b725f355?sa=X&ved=0ahUKEwjZ5au-xdfaAhWmDpoKHfIoCAsQ_BIImAIwGA"
FMM,AGP,2018-07-20,20:50,23:45,02:55,2018-07-23,17:25,20:10,02:45,159,/assets/img/malaga.jpg,"https://www.google.de/maps/place/Malaga+airport+-+Costa+del+Sol/@36.6794172,-4.4950028,15z/data=!4m2!3m1!1s0x0:0x57b5ad2f47de3e9a?sa=X&ved=0ahUKEwien_bExdfaAhVlM5oKHa2FB94Q_BII-gEwEw"
FMM,AGP,2018-06-01,20:50,23:45,02:55,2018-06-04,17:25,20:10,02:45,162,/assets/img/malaga.jpg,"https://www.google.de/maps/place/Malaga+airport+-+Costa+del+Sol/@36.6794172,-4.4950028,15z/data=!4m2!3m1!1s0x0:0x57b5ad2f47de3e9a?sa=X&ved=0ahUKEwien_bExdfaAhVlM5oKHa2FB94Q_BII-gEwEw"
FMM,AGP,2018-05-11,20:50,23:45,02:55,2018-05-14,17:25,20:10,02:45,168,/assets/img/malaga.jpg,"https://www.google.de/maps/place/Malaga+airport+-+Costa+del+Sol/@36.6794172,-4.4950028,15z/data=!4m2!3m1!1s0x0:0x57b5ad2f47de3e9a?sa=X&ved=0ahUKEwien_bExdfaAhVlM5oKHa2FB94Q_BII-gEwEw"
FMM,AGP,2018-05-11,20:50,23:45,02:55,2018-05-14,17:25,20:10,02:45,168,/assets/img/malaga.jpg,"https://www.google.de/maps/place/Malaga+airport+-+Costa+del+Sol/@36.6794172,-4.4950028,15z/data=!4m2!3m1!1s0x0:0x57b5ad2f47de3e9a?sa=X&ved=0ahUKEwien_bExdfaAhVlM5oKHa2FB94Q_BII-gEwEw"
FMM,OPO,2018-05-12,21:00,22:45,02:45,2018-05-15,16:55,20:35,02:40,197,/assets/img/opo.jpg,"https://www.google.de/maps/place/Francisco+S%C3%A1+Carneiro+Airport/@41.2421186,-8.6785514,15z/data=!4m2!3m1!1s0x0:0x151a578a6d6039d1?sa=X&ved=0ahUKEwjT_8SK4NfaAhXDjqQKHeqZCUsQ_BIIzAEwCg"
FMM,DUB,2018-05-11,19:05,20:30,02:25,2018-05-14,13:10,16:30,02:20,226,/assets/img/dub.jpg,"https://www.google.de/maps/place/Dublin+Airport/@53.4264481,-6.2499098,15z/data=!4m2!3m1!1s0x0:0x55121bb5b725f355?sa=X&ved=0ahUKEwjZ5au-xdfaAhWmDpoKHfIoCAsQ_BIImAIwGA"
FMM,DUB,2018-05-11,19:05,20:30,02:25,2018-05-14,13:10,16:30,02:20,226,/assets/img/dub.jpg,"https://www.google.de/maps/place/Dublin+Airport/@53.4264481,-6.2499098,15z/data=!4m2!3m1!1s0x0:0x55121bb5b725f355?sa=X&ved=0ahUKEwjZ5au-xdfaAhWmDpoKHfIoCAsQ_BIImAIwGA"
FMM,DUB,2018-06-01,19:05,20:30,02:25,2018-06-04,13:10,16:30,02:20,243,/assets/img/dub.jpg,"https://www.google.de/maps/place/Dublin+Airport/@53.4264481,-6.2499098,15z/data=!4m2!3m1!1s0x0:0x55121bb5b725f355?sa=X&ved=0ahUKEwjZ5au-xdfaAhWmDpoKHfIoCAsQ_BIImAIwGA"
FMM,DUB,2018-05-04,19:05,20:30,02:25,2018-05-07,13:10,16:30,02:20,271,/assets/img/dub.jpg,"https://www.google.de/maps/place/Dublin+Airport/@53.4264481,-6.2499098,15z/data=!4m2!3m1!1s0x0:0x55121bb5b725f355?sa=X&ved=0ahUKEwjZ5au-xdfaAhWmDpoKHfIoCAsQ_BIImAIwGA"
FMM,DUB,2018-05-04,19:05,20:30,02:25,2018-05-07,13:10,16:30,02:20,281,/assets/img/dub.jpg,"https://www.google.de/maps/place/Dublin+Airport/@53.4264481,-6.2499098,15z/data=!4m2!3m1!1s0x0:0x55121bb5b725f355?sa=X&ved=0ahUKEwjZ5au-xdfaAhWmDpoKHfIoCAsQ_BIImAIwGA"
MUC,DUB,2018-05-18,21:10,22:40,02:30,2018-05-21,16:55,20:20,02:25,427,/assets/img/dub.jpg,"https://www.google.de/maps/place/Dublin+Airport/@53.4264481,-6.2499098,15z/data=!4m2!3m1!1s0x0:0x55121bb5b725f355?sa=X&ved=0ahUKEwjlx8b98NXaAhUHFSwKHbXVBPgQ_BIIkQIwGA"
MUC,DUB,2018-05-18,21:10,22:40,02:30,2018-05-21,16:55,20:20,02:25,427,/assets/img/dub.jpg,"https://www.google.de/maps/place/Dublin+Airport/@53.4264481,-6.2499098,15z/data=!4m2!3m1!1s0x0:0x55121bb5b725f355?sa=X&ved=0ahUKEwjlx8b98NXaAhUHFSwKHbXVBPgQ_BIIkQIwGA"
